Australian Grand Prix,2025-03-16,Melbourne,Australia
Chinese Grand Prix,2025-03-23,Shanghai,China
Japanese Grand Prix,2025-04-06,Suzuka,Japan
Bahrain Grand Prix,2025-04-13,Sakhir,Bahrain
Miami Grand Prix,2025-05-04,Miami,USA
Emilia Romagna Grand Prix,2025-05-18,Imola,Italy
Monaco Grand Prix,2025-05-25,Monaco,Monaco
Canadian Grand Prix,2025-06-08,Montreal,Canada
Spanish Grand Prix,2025-06-22,Barcelona,Spain
Austrian Grand Prix,2025-07-06,Spielberg,Austria
British Grand Prix,2025-07-13,Silverstone,United Kingdom
Hungarian Grand Prix,2025-07-27,Budapest,Hungary
Belgian Grand Prix,2025-08-31,Spa-Francorchamps,Belgium
Dutch Grand Prix,2025-09-07,Zandvoort,Netherlands
Italian Grand Prix,2025-09-21,Monza,Italy
Azerbaijan Grand Prix,2025-09-28,Baku,Azerbaijan
Singapore Grand Prix,2025-10-19,Singapore,Singapore
United States Grand Prix,2025-10-26,Austin,USA
Mexican Grand Prix,2025-11-09,Mexico City,Mexico
Brazilian Grand Prix,2025-11-16,Sao Paulo,Brazil
Las Vegas Grand Prix,2025-11-22,Las Vegas,USA
Abu Dhabi Grand Prix,2025-12-07,Abu Dhabi,UAE
